{
	"pages": [ //pages数组中第一项表示应用启动页，参考：https://uniapp.dcloud.io/collocation/pages
		{
			"path": "pages/index/index",
			"style": {
				"navigationBarTitleText": "首页"
			}
		},
		{
			"path" : "pages/order/order",
			"style" : 
			{
				"navigationBarTitleText" : "订单页面"
			}
		},
		{
			"path" : "pages/user/user",
			"style" : 
			{
				"navigationBarTitleText" : "个人中心"
			}
		},
		{
			"path" : "pages/shop/shop",
			"style" : 
			{
				"navigationBarTitleText" : "我要点单"
			}
		},
		{
			"path" : "pages/order/test",
			"style" : 
			{
				"navigationBarTitleText" : "test"
			}
		}
	],
	"globalStyle": {
		"navigationBarTextStyle": "white",
		"navigationBarTitleText": "店铺名字",
		"navigationBarBackgroundColor": "#31C27C",
		"backgroundColor": "#31C27C"
	},
	"uniIdRouter": {},
	"tabBar": {
		"color": "#666",
		"selectedColor": "#31C27C",
	
		"list": [
			{
				"text": "首页",
				"pagePath": "pages/index/index",
				"iconPath": "static/icon/首页.png",
				"selectedIconPath": "static/icon/首页 (1).png"
			},
			{
				"text": "点单",
				"pagePath": "pages/shop/shop",
				"iconPath": "static/icon/点单.png",
				"selectedIconPath": "static/icon/点单 (1).png"
			},
			{
				"text": "订单",
				"pagePath": "pages/order/order",
				"iconPath": "static/icon/订单.png",
				"selectedIconPath": "static/icon/订单 (1).png"
			},
			{
				"text": "我的",
				"pagePath": "pages/user/user",
				"iconPath": "static/icon/我的.png",
				"selectedIconPath": "static/icon/我的 (1).png"
			}
		]
	}
}
