{
	"easycom": {
			"autoscan": true,
			// 注意一定要放在custom里，否则无效，https://ask.dcloud.net.cn/question/131175
			"custom": {
				"^u--(.*)": "@/uni_modules/uview-plus/components/u-$1/u-$1.vue",
				"^up-(.*)": "@/uni_modules/uview-plus/components/u-$1/u-$1.vue",
		    "^u-([^-].*)": "@/uni_modules/uview-plus/components/u-$1/u-$1.vue"
			}
	},
	"pages": [ //pages数组中第一项表示应用启动页，参考：https://uniapp.dcloud.io/collocation/pages
		{
			"path": "pages/index/index",
			"style": {
				"navigationBarTitleText": "首页"
			}
		},
		{
			"path" : "pages/order/order",
			"style" : 
			{
				"navigationBarTitleText" : "订单页面"
			}
		},
		{
			"path" : "pages/user/user",
			"style" : 
			{
				"navigationBarTitleText" : "个人中心"
			}
		},
		{
			"path" : "pages/shop/shop",
			"style" : 
			{
				"navigationBarTitleText" : "我要点单"
			}
		},
		{
			"path" : "pages/order/test",
			"style" : 
			{
				"navigationBarTitleText" : "test"
			}
		},
		{
			"path" : "pages/user/coupons",
			"style" : 
			{
				"navigationBarTitleText" : "优惠券",
				"navigationBarBackgroundColor": "#ffffff",
				"navigationBarTextStyle": "black"
			}
		},
		{
			"path" : "pages/user/mycoupons",
			"style" : 
			{
				"navigationBarTitleText" : "优惠券详情",
				"enablePullDownRefresh" : false
			}
		},
		{
			"path" : "pages/user/redeem",
			"style" : 
			{
				"navigationBarTitleText" : "优惠券核销",
				"enablePullDownRefresh" : false
			}
		},
		{
			"path" : "pages/yuyue/yuyue",
			"style" : 
			{
				"navigationBarTitleText" : "预约总览"
			}
		},
		{
			"path" : "pages/yuyue/yuyueInfo",
			"style" : 
			{
				"navigationBarTitleText" : "预约详细信息"
			}
		}
	],
	"globalStyle": {
		"navigationBarTextStyle": "white",
		"navigationBarTitleText": "店铺名字",
		"navigationBarBackgroundColor": "#31C27C",
		"backgroundColor": "#31C27C"
	},
	"uniIdRouter": {},
	"tabBar": {
		"color": "#666",
		"selectedColor": "#31C27C",
	
		"list": [
			{
				"text": "首页",
				"pagePath": "pages/index/index",
				"iconPath": "static/icon/首页.png",
				"selectedIconPath": "static/icon/首页 (1).png"
			},
			{
				"text": "点单",
				"pagePath": "pages/shop/shop",
				"iconPath": "static/icon/点单.png",
				"selectedIconPath": "static/icon/点单 (1).png"
			},
			{
				"text": "订单",
				"pagePath": "pages/order/order",
				"iconPath": "static/icon/订单.png",
				"selectedIconPath": "static/icon/订单 (1).png"
			},
			{
				"text": "我的",
				"pagePath": "pages/user/user",
				"iconPath": "static/icon/我的.png",
				"selectedIconPath": "static/icon/我的 (1).png"
			}
		]
	},
	"condition" : { //模式配置，仅开发期间生效
		"current": 0, //当前激活的模式(list 的索引项)
		"list": [
			{
				"name": "", //模式名称
				"path": "", //启动页面，必选
				"query": "" //启动参数，在页面的onLoad函数里面得到
			}
		]
	}
}
